{
  "usesTypeScript": false,
  "usesStyledComponents": false,
  "usesCssModule": true,
  "cssPreprocessor": "css",
  "testLibrary": "None",
  "component": {
    "default": {
      "customTemplates": {
        "component": "template/TemplateName.jsx",
        "style": "template/TemplateName.module.css"
      },
      "path": "src/components",
      "withStyle": true,
      "withTest": false,
      "withStory": false,
      "withLazy": false
    },
    "page": {
      "customTemplates": {
        "component": "template/TemplateName.jsx",
        "style": "template/TemplateName.module.css"
      },
      "path": "src/pages",
      "withLazy": false,
      "withStory": false,
      "withStyle": true,
      "withTest": false
    }
  }
}
